pruritus genital,2.75
keratopathy,1.875
corneal thinning,1.875
renal tubular necrosis,1.875
tumour necrosis,2.75
skin tightness,1.875
epistaxis,2.75
nasopharyngitis,2.75
condition aggravated,1.875
hypertension,1.875
petechiae,3.625
skin discomfort,1.875
myoclonus,1.875
swollen tongue,4.375
duodenal ulcer,1.875
glycosuria,1.875
anorectal discomfort,1.875
alcohol abuse,1.875
epilepsy,1.875
arrhythmia,1.875
sinus arrhythmia,1.875
acute psychosis,1.875
peripheral ischaemia,1.875
pulse pressure decreased,1.875
choking,1.875
paranoia,1.875
onychomycosis,2.75
palmar erythema,1.875
hyperkinesia,1.875
oesophagitis ulcerative,1.875
pain in jaw,1.875
azoospermia,1.875
aphonia,3.625
acute pulmonary oedema,2.75
gingival disorder,1.875
thrombocytopenic purpura,2.75
substance abuse,1.875
alanine aminotransferase increased,1.875
eye haemorrhage,2.75
choreoathetosis,1.875
anal fissure,1.875
neuromyopathy,2.75
eye discharge,1.875
pancreatitis haemorrhagic,1.875
muscle contracture,1.875
gingival hypertrophy,1.875
dehydration,1.875
bladder pain,1.875
uterine disorder,1.875
herpes virus infection,1.875
type 2 diabetes mellitus,4.0
increased appetite,2.75
retinal degeneration,1.875
aphthous stomatitis,1.875
abortion,1.875
antisocial personality disorder,1.875
ketoacidosis,1.875
hypertonia,2.75
orbital oedema,1.875
orthopnoea,2.75
testicular disorder,1.875
atrioventricular block complete,1.875
mental disorder due to a general medical condition,1.875
erythema multiforme,2.75
pleural effusion,1.875
intermittent claudication,1.875
epididymitis,2.75
ocular discomfort,1.875
vomiting,1.875
haemorrhage intracranial,2.75
lip ulceration,1.875
mediastinal disorder,1.875
balanoposthitis,1.875
retinal vein thrombosis,2.75
teratogenicity,2.75
hostility,1.875
c-reactive protein increased,1.875
traumatic liver injury,2.75
megacolon,1.875
haemarthrosis,3.625
compartment syndrome,2.75
stereotypy,2.75
atrioventricular block second degree,1.875
medication overuse headache,0
dizziness,3.625
application site pruritus,4.875
pelvic discomfort,3.625
disease progression,1.875
injection site irritation,4.0
self-injurious ideation,0
libido decreased,2.75
prothrombin level increased,1.875
blood albumin decreased,1.875
suicidal ideation,1.875
breast pain,1.875
cutaneous lupus erythematosus,3.625
aortic valve stenosis,1.875
haemoglobinuria,2.75
muscle contractions involuntary,2.75
diabetic ketoacidosis,4.0
hypopnoea,1.875
duodenal ulcer haemorrhage,2.75
hemianopia,2.75
lung cancer metastatic,2.75
nitrogen balance negative,1.875
abnormal withdrawal bleeding,2.75
muscle strain,2.75
visual acuity reduced,2.75
microcytic anaemia,1.875
multiple fractures,2.75
skin haemorrhage,2.75
accidental overdose,1.875
cardiac fibrillation,1.875
nephrotic syndrome,1.875
logorrhoea,2.75
electrocardiogram qt prolonged,1.875
nasal oedema,1.875
renal artery stenosis,2.75
pleuritic pain,1.875
weight fluctuation,1.875
skin toxicity,2.75
blood disorder,1.875
neutropenia,1.875
sudden cardiac death,2.75
assisted fertilisation,1.875
tendonitis,2.75
limb reduction defect,4.0
adenoma benign,1.875
movement disorder,1.875
dementia,2.75
pruritus generalised,1.875
hepatic cancer metastatic,2.75
respiratory alkalosis,2.75
gastrointestinal perforation,1.875
emotional distress,1.875
hypovolaemia,1.875
metastases to central nervous system,2.75
lupus-like syndrome,3.625
musculoskeletal disorder,1.875
ageusia,2.75
parotid gland enlargement,1.875
ejaculation delayed,1.875
pleural fibrosis,1.875
peptic ulcer,1.875
renal failure acute,1.875
cytomegalovirus infection,1.875
optic nerve disorder,2.75
pyoderma,2.75
alveolitis,1.875
urine flow decreased,1.875
colitis ulcerative,2.75
ear infection,2.75
urinary tract infection,2.75
pneumonia,2.75
neoplasm,1.875
chills,2.75
red blood cell sedimentation rate increased,1.875
hyperlactacidaemia,1.875
erectile dysfunction,2.75
acute yellow liver atrophy,0
bradykinesia,1.875
psychomotor retardation,1.875
increased insulin requirement,4.0
muscle tightness,1.875
pigmentation disorder,1.875
eye burns,2.75
glossodynia,1.875
cataract subcapsular,1.875
induration,1.875
macular oedema,1.875
allergic oedema,2.75
blood pressure increased,1.875
impaired gastric emptying,1.875
hypocholesterolaemia,1.875
uterine spasm,1.875
injection site haematoma,4.875
breast tenderness,1.875
jaundice cholestatic,1.875
glucose-6-phosphate dehydrogenase deficiency,4.375
skin mass,1.875
tooth infection,2.75
thyroid function test abnormal,1.875
telangiectasia,2.75
skin fissures,1.875
lymphadenopathy,1.875
iritis,2.75
laryngospasm,1.875
low density lipoprotein increased,1.875
red blood cell count decreased,1.875
peripheral embolism,1.875
limb discomfort,1.875
eye pruritus,1.875
glomerulonephritis,2.75
derealisation,1.875
hyperparathyroidism,1.875
pneumocystis jirovecii pneumonia,0
non-hodgkin's lymphoma,4.0
diverticulum,1.875
body temperature decreased,1.875
dysaesthesia,1.875
purpura,3.625
lymphocyte count increased,1.875
somnolence,2.75
application site discolouration,4.875
spinal haematoma,3.625
factor ii deficiency,0
drug withdrawal syndrome,2.75
blepharospasm,2.75
gastritis,1.875
oropharyngeal discomfort,2.75
intraocular pressure increased,1.875
injection site dermatitis,4.875
wound haemorrhage,2.75
arthropod bite,1.875
acute abdomen,1.875
macular degeneration,1.875
ejection fraction decreased,1.875
proteinuria,1.875
skin depigmentation,1.875
change of bowel habit,1.875
urine analysis abnormal,1.875
disorientation,2.75
pancytopenia,1.875
clonic convulsion,1.875
hepatocellular carcinoma,0
oesophageal haemorrhage,2.75
electrolyte imbalance,1.875
productive cough,1.875
oedema genital,1.875
bone density decreased,1.875
haematoma,1.875
faeces discoloured,1.875
malabsorption,2.75
appendicitis,2.75
skin candida,2.75
muscular weakness,2.75
cholecystitis acute,1.875
menometrorrhagia,1.875
rash pustular,2.75
pain in extremity,1.875
disseminated intravascular coagulation,2.75
cerebral thrombosis,2.75
viral infection,1.875
onychomadesis,1.875
breast disorder,1.875
asterixis,2.75
necrotising colitis,1.875
conjunctivitis,2.75
vulval disorder,1.875
epidermal necrosis,1.875
impulse-control disorder,1.875
aplasia pure red cell,2.75
cardiac flutter,1.875
pallor,3.625
cardiovascular disorder,2.75
crying,4.5
adenocarcinoma,1.875
foetor hepaticus,2.75
oligomenorrhoea,2.75
cognitive disorder,2.75
"hallucination, visual",1.875
malaise,1.875
labyrinthitis,2.75
atrophic vulvovaginitis,1.875
oliguria,1.875
irritability,2.75
sticky skin,1.875
attention deficit/hyperactivity disorder,1.875
anaemia megaloblastic,2.75
influenza,2.75
hepatitis,1.875
haematological malignancy,4.0
hypernatraemia,1.875
cerebral haemorrhage,2.75
occult blood positive,1.875
abdominal pain lower,1.875
breast neoplasm,2.75
cellulitis gangrenous,2.75
amnesia,2.75
chorea,1.875
pupils unequal,2.75
haematuria,2.75
lipoma,2.75
cardiac arrest,1.875
eosinophilia,1.875
tooth discolouration,1.875
leukocytosis,1.875
catheter site pain,4.0
transaminases increased,1.875
ingrowing nail,1.875
rectal tenesmus,2.75
electrocardiogram st segment elevation,1.875
sluggishness,1.875
atrial flutter,1.875
dermatitis diaper,1.875
meningitis aseptic,2.75
infusion site pruritus,4.875
vitreous detachment,2.75
breast engorgement,2.75
calculus bladder,1.875
hypochromic anaemia,1.875
accommodation disorder,1.875
photosensitivity reaction,1.875
arthropathy,1.875
lethargy,3.625
injury,1.875
fungal infection,1.875
microcephaly,4.0
uterine leiomyoma,2.75
hyperphagia,3.625
blood cortisol decreased,1.875
mouth ulceration,1.875
presyncope,3.625
blindness,2.75
ocular toxicity,2.75
menstruation delayed,2.75
lower respiratory tract infection,2.75
drug withdrawal syndrome neonatal,3.625
ileus paralytic,1.875
atrophy,1.875
diplegia,1.875
porphyria non-acute,5.25
psychotic disorder,1.875
hyperchlorhydria,1.875
periodontitis,2.75
collagen disorder,2.75
infertility male,1.875
gastric haemorrhage,2.75
feeling drunk,1.875
large intestine polyp,0
suicidal behaviour,1.875
endometriosis,1.875
status asthmaticus,1.875
blood thyroid stimulating hormone increased,1.875
hemiparesis,1.875
hyporeflexia,1.875
incontinence,3.625
calcinosis,1.875
laryngeal oedema,4.375
renal cyst,2.75
precocious puberty,2.75
poor quality sleep,2.75
periarthritis,1.875
hepatic neoplasm,2.75
corneal lesion,1.875
mass,1.875
androgenetic alopecia,2.75
cyst,2.75
nasal congestion,1.875
formication,2.75
corneal infiltrates,1.875
vitreous disorder,1.875
intestinal obstruction,1.875
hepatic fibrosis,2.75
nerve compression,2.75
dandruff,1.875
tuberculosis,1.875
ataxia,2.75
anxiety disorder,1.875
feeling cold,1.875
neurosis,1.875
reflexes abnormal,1.875
urogenital disorder,2.75
menstrual disorder,1.875
platelet disorder,1.875
retinitis,2.75
hepatic cirrhosis,1.875
uterine contractions during pregnancy,1.875
terminal insomnia,3.5
injection site necrosis,4.0
sensation of pressure,1.875
haemorrhoids,2.75
lichen planus,1.875
neoplasm malignant,1.875
vasculitis,2.75
menorrhagia,1.875
blood calcium decreased,1.875
peripheral sensorimotor neuropathy,1.875
papule,1.875
gait disturbance,2.75
injection site mass,4.0
exostosis,1.875
muscle haemorrhage,2.75
conjunctival haemorrhage,2.75
infestation,2.75
abnormal sensation in eye,1.875
hiatus hernia,2.75
odynophagia,1.875
rectal haemorrhage,2.75
psychotic behaviour,1.875
catatonia,1.875
radiation pneumonitis,2.75
injection site phlebitis,4.875
mucosal dryness,1.875
thrombotic microangiopathy,3.625
diabetic coma,4.875
oral herpes,2.75
tourette's disorder,3.625
salivary hypersecretion,1.875
joint effusion,1.875
lipoatrophy,2.75
urinary tract disorder,1.875
embolism,1.875
rhinorrhoea,1.875
melaena,2.75
vulvovaginal candidiasis,2.75
herpes simplex,2.75
injection site urticaria,6.5
hereditary angioedema,4.375
food allergy,1.875
bone cancer metastatic,2.75
infusion site pain,4.0
toxic skin eruption,2.75
dermatitis exfoliative,2.75
postoperative wound infection,2.75
abnormal behaviour,1.875
transient ischaemic attack,2.75
tendinous contracture,1.875
breast discomfort,1.875
illusion,1.875
pseudoporphyria,1.875
hair texture abnormal,1.875
fibrosis,1.875
retrograde amnesia,2.75
face oedema,4.375
food poisoning,3.625
stomatitis,1.875
hepatitis viral,2.75
lymphangitis,3.625
injection site bruising,0
asphyxia,2.75
porphyrin metabolism disorder,4.375
bronchospasm paradoxical,1.875
carbon dioxide increased,1.875
hepatitis a,2.75
renal failure,1.875
respiratory distress,1.875
partner stress,1.875
polyuria,1.875
sudden onset of sleep,1.875
restless legs syndrome,2.75
lip swelling,4.375
blood sodium increased,1.875
respiratory rate decreased,1.875
back pain,1.875
lobar pneumonia,2.75
foetal death,0
urethritis,2.75
tetany,3.625
aneurysm,1.875
infection parasitic,1.875
atrial fibrillation,1.875
atrial tachycardia,1.875
graft versus host disease,2.75
pulmonary congestion,3.625
anterograde amnesia,2.75
scleral hyperaemia,1.875
oesophageal pain,1.875
hepatic function abnormal,1.875
infertility female,1.875
tooth hypoplasia,2.75
mitral valve incompetence,1.875
vulvovaginitis,2.75
gamma-glutamyltransferase increased,1.875
respiration abnormal,1.875
facial paresis,1.875
hodgkin's disease,4.0
gout,2.75
hypomagnesaemia,1.875
arterial occlusive disease,1.875
vaginal infection,2.75
dysphemia,2.75
polymenorrhoea,1.875
anuria,1.875
congenital anomaly,1.875
hepatitis c,2.75
meniere's disease,3.625
priapism,1.875
mental status changes,1.875
injection site inflammation,4.0
pituitary infarction,4.5
rash morbilliform,1.875
diabetic hyperosmolar coma,4.875
hepatitis acute,1.875
angina pectoris,2.75
cholecystitis,1.875
molluscum contagiosum,2.75
hyperthyroidism,2.75
non-cardiogenic pulmonary oedema,2.75
hypersensitivity,1.875
thrombocytopenia,1.875
vasoconstriction,2.75
photophobia,2.75
supraventricular tachycardia,1.875
superinfection,1.875
general physical health deterioration,1.875
injection site pain,4.0
injection site induration,4.0
peritoneal haemorrhage,2.75
atelectasis,1.875
hyperpyrexia,1.875
clonus,1.875
blood electrolytes abnormal,1.875
peptic ulcer haemorrhage,2.75
sleep talking,2.75
activated partial thromboplastin time prolonged,1.875
infection,1.875
pulmonary haemorrhage,2.75
electrocardiogram change,1.875
injection site discomfort,4.0
mania,1.875
ocular icterus,3.625
injection site reaction,4.0
temperature intolerance,1.875
cachexia,3.625
phlebitis superficial,1.875
tension headache,1.875
blood lactate dehydrogenase increased,1.875
eyelid irritation,2.75
tachycardia,1.875
platelet count decreased,1.875
oesophageal spasm,1.875
atrioventricular block first degree,1.875
liver injury,2.75
post procedural haemorrhage,2.75
ulcer,1.875
retinal oedema,2.75
injection site extravasation,4.0
sinus headache,2.75
prothrombin level decreased,1.875
haemoglobin increased,1.875
tinea pedis,2.75
irritable bowel syndrome,2.75
affective disorder,1.875
red blood cell abnormality,1.875
anhidrosis,1.875
early satiety,3.625
hepatic steatosis,2.75
blood triglycerides increased,1.875
dermatitis acneiform,1.875
recall phenomenon,2.75
lipoedema,0
prostate cancer,2.75
gouty arthritis,2.75
rosacea,1.875
pancreatitis,1.875
stillbirth,2.75
tachypnoea,1.875
glucose tolerance decreased,1.875
nervous system disorder,1.875
keratitis,1.875
panophthalmitis,1.875
laryngeal pain,0
blood urea increased,1.875
neuralgia,1.875
insulin resistance,4.0
urine output increased,1.875
corneal opacity,1.875
gastrointestinal tract irritation,1.875
cholinergic syndrome,1.875
limb injury,1.875
haematochezia,2.75
extrasystoles,1.875
fanconi syndrome,3.625
interstitial lung disease,2.75
gingival pain,1.875
hydronephrosis,1.875
chloasma,2.75
thyroiditis,1.875
hepatocellular injury,1.875
cardiotoxicity,2.75
polyarthritis,1.875
altered state of consciousness,2.75
cerebral infarction,2.75
heart sounds abnormal,1.875
skin atrophy,1.875
lacrimation decreased,1.875
testicular swelling,1.875
enterocolitis haemorrhagic,2.75
hypomania,1.875
neurotoxicity,2.75
ventricular tachycardia,1.875
throat tightness,2.75
respiratory acidosis,2.75
haemoptysis,3.625
swelling,1.875
loss of consciousness,1.875
skin hyperpigmentation,1.875
abdominal pain upper,1.875
micturition urgency,1.875
administration site reaction,0
acute tonsillitis,2.75
toothache,1.875
muscle spasticity,2.75
dysplasia,1.875
lichenoid keratosis,1.875
neutrophil count increased,1.875
death,1.875
respiratory depression,1.875
diarrhoea,1.875
paraesthesia oral,2.75
optic atrophy,1.875
vasodilatation,2.75
administration site infection,4.875
local reaction,1.875
haematocrit increased,1.875
cutaneous vasculitis,3.625
hydrocephalus,1.875
foetal distress syndrome,1.875
homicidal ideation,1.875
pulmonary function test decreased,1.875
skin infection,2.75
prurigo,1.875
skin disorder,1.875
aplastic anaemia,1.875
vital dye staining cornea present,1.875
lacrimal structural disorder,1.875
transplant rejection,2.75
eye irritation,1.875
mydriasis,2.75
chorioretinopathy,1.875
cardiac failure,1.875
gynaecomastia,2.75
splenomegaly,1.875
deafness permanent,2.75
major depression,1.875
supraventricular extrasystoles,1.875
venoocclusive liver disease,2.75
paresis,1.875
nephrogenic systemic fibrosis,4.5
dyslipidaemia,1.875
seborrhoeic keratosis,4.0
vulvovaginal burning sensation,1.875
acute respiratory distress syndrome,1.875
cholelithiasis,1.875
retinal disorder,1.875
leukopenia,1.875
skin fragility,1.875
papilloedema,3.625
venous occlusion,1.875
xeroderma,1.875
vocal cord paralysis,2.75
constipation,1.875
eye swelling,1.875
hypoventilation,1.875
excoriation,2.75
seborrhoeic dermatitis,1.875
impetigo,2.75
oedema mucosal,1.875
spinal compression fracture,3.625
ovarian cyst,2.75
eructation,1.875
blepharitis,2.75
immobile,1.875
faeces hard,1.875
withdrawal bleed,2.75
angioedema,3.5
haemoglobin,1.875
heart disease congenital,2.75
groin pain,1.875
fontanelle bulging,2.75
polydipsia,2.75
pruritus,1.875
rash papular,1.875
mouth haemorrhage,2.75
granulomatous liver disease,1.875
hypopituitarism,1.875
vaginitis bacterial,0
hypoaesthesia oral,2.75
ichthyosis,2.75
injection site erythema,4.875
muscle rigidity,2.75
electrocardiogram t wave inversion,1.875
tremor,1.875
antisocial behaviour,1.875
liver disorder,1.875
gastrointestinal carcinoma,2.75
application site erosion,4.875
alopecia,1.875
fluid imbalance,1.875
conjunctivitis allergic,2.75
wound secretion,2.75
frequent bowel movements,1.875
corneal epithelium defect,1.875
renal pain,1.875
seasonal allergy,3.625
bundle branch block,1.875
venous thrombosis,1.875
rhinitis seasonal,3.625
hyperreflexia,1.875
breast enlargement,1.875
lenticular opacities,1.875
depressed level of consciousness,1.875
areflexia,1.875
blood testosterone increased,1.875
cardiac disorder,1.875
sinus congestion,1.875
lactic acidosis,1.875
myopia,1.875
sensitisation,2.75
cervicitis,2.75
bacteraemia,1.875
dermatitis,1.875
hyperventilation,2.75
pituitary haemorrhage,3.625
chest discomfort,3.625
therapeutic response unexpected,1.875
respiratory tract congestion,1.875
inappropriate antidiuretic hormone secretion,2.75
localised infection,1.875
deafness transitory,2.75
vasospasm,1.875
blunted affect,1.875
fatigue,1.875
fat embolism,2.75
pollakiuria,1.875
neck pain,1.875
piloerection,1.875
hepatic enzyme increased,1.875
coronary artery disease,2.75
cervical dysplasia,1.875
delirium,1.875
haemorrhagic disorder,2.75
wheezing,1.875
miosis,2.75
application site paraesthesia,4.875
hyperaemia,1.875
lipase increased,1.875
hypogonadism,2.75
congenital genitourinary abnormality,3.625
dermatitis infected,2.75
anaphylactoid reaction,2.75
osteoarthritis,1.875
infusion site induration,4.0
pulmonary embolism,2.75
alveolitis allergic,2.75
fibroadenoma of breast,2.75
fall,1.875
head injury,1.875
deep vein thrombosis,1.875
ovarian failure,2.75
haemorrhagic stroke,2.75
tonsillitis,2.75
medical device complication,1.875
hypochloraemia,1.875
anorectal disorder,1.875
tumour flare,1.875
peritonitis,2.75
hepatic cancer,2.75
uterine atony,1.875
alcoholism,1.875
speech disorder,3.625
urine odour abnormal,1.875
serum sickness,2.75
pemphigus,2.75
sepsis,1.875
gastric ulcer haemorrhage,2.75
panic disorder,1.875
sudden death,2.75
vulvovaginal disorder,1.875
pregnancy test false positive,1.875
madarosis,2.75
hypoglycaemic coma,4.875
hepatosplenomegaly,2.75
blood phosphorus increased,1.875
cystitis,2.75
toxicity to various agents,1.875
candida infection,0
tooth disorder,1.875
infusion related reaction,3.625
bilirubin conjugated increased,0
gastrointestinal necrosis,2.75
varicose vein,1.875
cardio-respiratory arrest,2.75
hepatitis chronic active,2.75
musculoskeletal stiffness,1.875
myeloid leukaemia,4.0
electrocardiogram qrs complex,1.875
vulvovaginal dryness,1.875
hepatotoxicity,2.75
procedural pain,2.75
decreased appetite,2.75
paraplegia,1.875
arthralgia,1.875
basal cell carcinoma,4.0
sinus tachycardia,1.875
arrhythmia supraventricular,1.875
duodenitis,1.875
tendon rupture,2.75
tympanic membrane perforation,2.75
pericardial haemorrhage,2.75
panic reaction,1.875
retinal vascular disorder,2.75
actinic keratosis,1.875
ear haemorrhage,2.75
vitamin b12 deficiency,1.875
procedural nausea,2.75
hepatic pain,1.875
vertigo,2.75
fasting,1.875
lip oedema,4.375
neutropenic colitis,2.75
sneezing,1.875
glycosylated haemoglobin increased,1.875
polycythaemia,1.875
parotitis,2.75
sinoatrial block,1.875
blood pressure systolic decreased,1.875
neuroleptic malignant syndrome,4.5
tooth abscess,2.75
urinary incontinence,2.75
hyperbilirubinaemia,3.625
prinzmetal angina,2.75
portal vein thrombosis,2.75
high density lipoprotein decreased,1.875
growth retardation,1.875
dysgraphia,1.875
feeling jittery,1.875
measles,2.75
blood creatinine decreased,1.875
vulvovaginal discomfort,1.875
adrenal insufficiency,2.75
eyelid margin crusting,2.75
post procedural complication,1.875
basophilia,1.875
feeling hot,1.875
hypohidrosis,2.75
ectopic pregnancy,1.875
rhinitis perennial,2.75
cushing's syndrome,4.5
emotional disorder,1.875
disturbance in attention,2.75
rhinitis allergic,2.75
leukocytoclastic vasculitis,4.5
radiculopathy,1.875
sciatica,2.75
personality disorder,1.875
liver tenderness,1.875
road traffic accident,1.875
enzyme abnormality,1.875
suicide attempt,1.875
sputum increased,1.875
hepatitis fulminant,2.75
hypersomnia,2.75
parosmia,2.75
colitis,1.875
systemic lupus erythematosus,3.625
colour blindness,2.75
shock,1.875
xerophthalmia,2.75
blood iron increased,1.875
oropharyngeal candidiasis,3.625
respiratory tract infection,2.75
femur fracture,2.75
varices oesophageal,3.625
skin striae,1.875
leukaemia,4.0
skin burning sensation,2.75
dyschezia,1.875
myoglobinuria,3.625
acute generalised exanthematous pustulosis,2.75
hypophosphataemia,1.875
deafness neurosensory,2.75
trisomy 21,5.25
tenosynovitis,1.875
gastrointestinal ulcer haemorrhage,2.75
haematospermia,2.75
palpitations,1.875
inner ear disorder,1.875
ascites,3.625
aplasia,2.75
adverse reaction,1.875
skin wrinkling,1.875
pyuria,2.75
ileitis,1.875
microangiopathic haemolytic anaemia,2.75
colitis ischaemic,2.75
guillain-barre syndrome,3.625
generalised erythema,1.875
dissociation,1.875
pain of skin,1.875
bladder dysfunction,1.875
bipolar i disorder,1.875
peripheral motor neuropathy,1.875
walking disability,0
sperm concentration decreased,1.875
urethral pain,1.875
application site irritation,4.0
cardiac failure acute,1.875
dyspnoea,2.75
apathy,1.875
ischaemia,1.875
breast atrophy,1.875
methaemoglobinaemia,1.875
corneal erosion,1.875
blood iron decreased,1.875
fluid overload,2.75
ketosis,1.875
bundle branch block left,1.875
hypocalcaemia,1.875
increased upper airway secretion,1.875
scotoma,2.75
blood glucose decreased,1.875
pseudolymphoma,1.875
benign intracranial hypertension,1.875
orchitis,2.75
embolism arterial,1.875
vascular headache,2.75
enuresis,2.75
penis disorder,1.875
acute lymphocytic leukaemia,4.0
abdominal discomfort,1.875
contact lens intolerance,1.875
hepatorenal syndrome,2.75
laryngitis,2.75
retinal artery occlusion,2.75
injection site infection,4.875
sinusitis,2.75
faecalith,1.875
diabetic retinopathy,5.75
ventricular septal defect,2.75
enteritis,1.875
breath sounds abnormal,1.875
procedural complication,1.875
plantar fasciitis,1.875
rhinitis,2.75
polyneuropathy,1.875
henoch-schonlein purpura,4.5
anterior chamber flare,1.875
hepatitis b,2.75
ileus,1.875
haemorrhage urinary tract,2.75
diabetic hyperglycaemic coma,4.875
hot flush,3.625
muscle relaxant therapy,1.875
white blood cell count decreased,1.875
application site dryness,4.875
peripheral sensory neuropathy,1.875
cardiomyopathy,1.875
gastritis haemorrhagic,2.75
epigastric discomfort,1.875
muscle atrophy,2.75
nipple pain,1.875
chronic myeloid leukaemia,4.0
ear congestion,1.875
infarction,1.875
oesophageal perforation,1.875
urine output,1.875
immune system disorder,1.875
sexual dysfunction,2.75
staphylococcal infection,1.875
anger,1.875
stress,1.875
gastrointestinal haemorrhage,2.75
lymphoproliferative disorder,4.0
addison's disease,3.625
compulsions,1.875
phobia,1.875
white blood cells urine positive,1.875
gastrointestinal toxicity,2.75
oral pain,1.875
lacrimal disorder,1.875
hypoprothrombinaemia,1.875
erection increased,2.75
pelvic venous thrombosis,1.875
anovulatory cycle,2.75
genital disorder female,1.875
infusion site erythema,4.875
osteomyelitis,2.75
diabetes insipidus,2.75
hyperadrenocorticism,3.625
pustular psoriasis,1.875
pre-existing disease,0
serum sickness-like reaction,2.75
wound complication,1.875
brain neoplasm,4.0
hypertrichosis,1.875
congenital eye disorder,2.75
clostridium difficile colitis,2.75
crystalluria,1.875
livedo reticularis,2.75
pyelonephritis,2.75
erythromelalgia,2.75
muscle twitching,1.875
binge eating,1.875
neutrophilia,1.875
drug hypersensitivity,1.875
breath odour,1.875
brain oedema,2.75
hypersexuality,1.875
eye pain,1.875
completed suicide,2.75
nocturia,1.875
retinal detachment,2.75
apnoea,1.875
subarachnoid haemorrhage,3.625
quadriparesis,1.875
lymphocytosis,1.875
uterine hypotonus,2.75
mean arterial pressure,1.875
urticaria,3.5
conjunctival disorder,1.875
eye disorder,1.875
dermatitis atopic,2.75
metabolic alkalosis,1.875
parathyroid disorder,1.875
perirectal abscess,2.75
fluid retention,2.75
hypoalbuminaemia,2.75
infertility,1.875
idiopathic thrombocytopenic purpura,2.75
renal impairment,1.875
left ventricular dysfunction,1.875
female sexual dysfunction,2.75
hypovitaminosis,1.875
coronary artery insufficiency,2.75
pharyngitis,3.625
gangrene,3.625
skin ulcer,2.75
infection susceptibility increased,1.875
eosinophilic myocarditis,2.75
dry throat,2.75
dysphonia,3.625
ectropion of cervix,1.875
psoriasis,2.75
lip pain,1.875
photopsia,2.75
increased tendency to bruise,3.625
water intoxication,3.625
cardiac failure congestive,1.875
diabetes mellitus,4.0
hypoxia,1.875
wound dehiscence,1.875
upper gastrointestinal haemorrhage,2.75
asthma,2.75
fibrocystic breast disease,2.75
spinal anaesthesia,1.875
tongue oedema,4.375
colour blindness acquired,1.875
paraparesis,1.875
protrusion tongue,2.75
application site erythema,4.875
coagulopathy,1.875
iron deficiency,1.875
obsessive thoughts,1.875
endometrial disorder,1.875
dry skin,1.875
anxiety,1.875
visual impairment,1.875
device capturing issue,1.875
haemolysis,1.875
xerosis,1.875
tension,1.875
neuropathy peripheral,1.875
hyperprolactinaemia,1.875
vasculitis necrotising,2.75
electric shock,0
retinal vascular thrombosis,2.75
drug ineffective,1.875
large intestine perforation,2.75
hypertrophy,1.875
dermal cyst,4.0
talipes,4.0
myocarditis,1.875
right ventricular failure,1.875
blister,2.75
nail discolouration,1.875
musculoskeletal discomfort,1.875
oropharyngeal pain,2.75
subdural haematoma,3.625
asthenia,1.875
facial pain,1.875
joint dislocation,2.75
prostatitis,1.875
immunodeficiency,1.875
type iv hypersensitivity reaction,1.875
myositis,1.875
application site exfoliation,4.875
vein discolouration,1.875
joint swelling,1.875
acidosis,1.875
drug abuse,1.875
mental disability,1.875
bladder spasm,1.875
sjogren's syndrome,0
onychoclasis,1.875
plasma cell myeloma,0
uveitis,2.75
metabolic acidosis,1.875
oculogyric crisis,2.75
blood cholesterol increased,1.875
dystonia,1.875
nasal discomfort,1.875
pelvic inflammatory disease,2.75
rhythm idioventricular,1.875
nodal arrhythmia,1.875
varicella,2.75
bursitis,1.875
metastases to liver,2.75
upper respiratory tract infection,2.75
cellulitis,2.75
essential hypertension,1.875
blood chloride decreased,1.875
blood bilirubin increased,1.875
orchitis noninfective,1.875
skin necrosis,1.875
electrocardiogram st segment abnormal,1.875
thrombotic thrombocytopenic purpura,3.625
tooth fracture,2.75
parkinsonism,1.875
intestinal infarction,2.75
chromaturia,1.875
duodenal ulcer perforation,1.875
anal pruritus,1.875
sinus arrest,1.875
post procedural infection,2.75
tongue coated,1.875
abdominal symptom,1.875
blood pressure diastolic decreased,1.875
jaundice,3.625
muscle fatigue,1.875
peripheral coldness,2.75
myocardial ischaemia,2.75
erythropenia,1.875
hodgkin's disease lymphocyte depletion type stage unspecified,0
furuncle,2.75
nasal polyps,2.75
vaginal haemorrhage,2.75
obstruction,1.875
defaecation urgency,1.875
oral discomfort,1.875
coronary artery occlusion,2.75
bradycardia,1.875
abortion spontaneous,1.875
foreign body sensation in eyes,1.875
nephrolithiasis,1.875
connective tissue disorder,1.875
dysgeusia,2.75
necrosis,2.75
gastric atony,1.875
dyspnoea exertional,2.75
hyperuricosuria,1.875
blood testosterone decreased,1.875
appetite disorder,2.75
cystoid macular oedema,2.75
cervix carcinoma,2.75
throat irritation,2.75
basedow's disease,3.625
faecal incontinence,2.75
obsessive-compulsive disorder,1.875
hypoproteinaemia,2.75
congestive cardiomyopathy,1.875
application site oedema,4.0
brain injury,2.75
intestinal ischaemia,2.75
mastitis,2.75
antinuclear antibody positive,1.875
dysarthria,2.75
ventricular extrasystoles,1.875
pain,1.875
dyspareunia,2.75
coombs test positive,1.875
sinus disorder,1.875
diarrhoea haemorrhagic,2.75
nasal septum perforation,1.875
abscess,1.875
haemorrhoidal haemorrhage,2.75
premature ejaculation,2.75
multiple sclerosis,2.75
diplopia,2.75
nerve injury,2.75
aphasia,2.75
rash vesicular,1.875
white blood cell count increased,1.875
opportunistic infection,1.875
exomphalos,2.75
menopause,1.875
strangury,1.875
bruxism,2.75
renal tubular acidosis,2.75
iiird nerve paralysis,2.75
blindness transient,2.75
cyanosis,3.625
paralysis,1.875
pseudomembranous colitis,2.75
oesophageal candidiasis,2.75
eye movement disorder,2.75
left ventricular failure,1.875
cardiac valve disease,1.875
cerebral ischaemia,2.75
retinal haemorrhage,2.75
calculus urinary,1.875
horner's syndrome,3.625
lymphatic disorder,1.875
opisthotonus,1.875
application site reaction,4.0
pancreatitis necrotising,1.875
night blindness,2.75
jarisch-herxheimer reaction,1.875
hair growth abnormal,1.875
vulvovaginal pruritus,2.75
radiation injury,1.875
fat redistribution,1.875
chapped lips,1.875
osteonecrosis of jaw,2.75
normochromic normocytic anaemia,1.875
testicular pain,1.875
refraction disorder,1.875
dysthymic disorder,1.875
ovarian cancer,2.75
respiratory arrest,1.875
monocyte count increased,1.875
paraesthesia,1.875
cardiac murmur,1.875
diabetic neuropathy,4.875
neutropenic infection,2.75
anaphylactic shock,2.75
acute interstitial pneumonitis,1.875
dry eye,1.875
application site warmth,4.0
hypoaesthesia eye,2.75
hepatic failure,1.875
hirsutism,2.75
renal failure chronic,1.875
sensory loss,1.875
cardiovascular insufficiency,2.75
meningism,1.875
joint injury,1.875
synovitis,1.875
urethral haemorrhage,2.75
smear cervix abnormal,1.875
gastrointestinal disorder,1.875
local swelling,1.875
saliva altered,1.875
abnormal faeces,1.875
intracranial pressure increased,1.875
international normalised ratio increased,1.875
cerebellar syndrome,1.875
cerebrovascular disorder,2.75
polymyalgia rheumatica,2.75
eosinophil count increased,1.875
contusion,4.5
hyperglycaemia,4.0
herpes zoster,2.75
rhinalgia,1.875
"hallucinations, mixed",1.875
sedation,1.875
ototoxicity,2.75
spontaneous penile erection,1.875
hepatic necrosis,1.875
oesophageal stenosis,1.875
monocytosis,1.875
pulse abnormal,1.875
pneumonia streptococcal,0
haemolytic anaemia,1.875
organising pneumonia,1.875
ureteric obstruction,1.875
sarcoidosis,1.875
hepatomegaly,1.875
orgasm abnormal,2.75
azotaemia,1.875
myopathy,1.875
delusion,1.875
syncope,3.625
exophthalmos,2.75
uterine cervical erosion,1.875
vitreous floaters,1.875
injection site hypersensitivity,4.875
hip fracture,2.75
leukoencephalopathy,1.875
pericarditis,1.875
tardive dyskinesia,1.875
polyp,2.75
neoplasm skin,4.0
cardiac death,2.75
bacterial infection,1.875
nephropathy,1.875
hypertonic bladder,2.75
eyelid oedema,4.375
intestinal ulcer,1.875
unresponsive to stimuli,1.875
scrotal oedema,1.875
menstruation irregular,2.75
retinal exudates,2.75
renal papillary necrosis,4.875
proctocolitis,1.875
stupor,2.75
disturbance in sexual arousal,1.875
hypermagnesaemia,1.875
dyspepsia,1.875
autoimmune haemolytic anaemia,2.75
endocrine disorder,1.875
sinus bradycardia,1.875
osteopenia,2.75
discomfort,1.875
stevens-johnson syndrome,4.5
swelling face,3.5
fistula,1.875
nephritis,1.875
cleft palate,2.75
ejaculation disorder,1.875
paranasal sinus hypersecretion,1.875
hypoaesthesia,1.875
hypoplastic anaemia,1.875
hordeolum,2.75
nodular regenerative hyperplasia,1.875
myoglobin urine present,1.875
endometrial cancer,2.75
tubulointerstitial nephritis,1.875
cogwheel rigidity,2.75
breast discharge,1.875
musculoskeletal chest pain,2.75
gastrointestinal obstruction,1.875
metabolic disorder,1.875
ketonuria,1.875
hangover,1.875
nightmare,1.875
x-linked lymphoproliferative syndrome,6.625
tumour pain,1.875
blood bilirubin abnormal,1.875
hair colour changes,1.875
anencephaly,2.75
electrocardiogram st segment depression,1.875
hearing impaired,1.875
blood pressure fluctuation,1.875
hypogeusia,2.75
lip dry,1.875
osteonecrosis,2.75
albuminuria,1.875
oral mucosal blistering,0
nystagmus,2.75
gastrointestinal pain,1.875
psychomotor skills impaired,2.75
depressed mood,1.875
cardiac output decreased,1.875
developmental delay,1.875
carpal tunnel syndrome,1.875
salpingitis,2.75
cardiac tamponade,1.875
lipodystrophy acquired,2.75
instillation site pain,4.0
wound,1.875
prothrombin time shortened,1.875
application site burn,4.875
inflammatory bowel disease,1.875
dependence,1.875
muscle injury,2.75
blindness cortical,2.75
gastrooesophageal reflux disease,1.875
middle insomnia,3.5
urethritis noninfective,1.875
iridocyclitis,1.875
hepatobiliary disease,1.875
joint stiffness,1.875
ophthalmic herpes simplex,2.75
arachnoiditis,2.75
complex regional pain syndrome,2.75
depression,1.875
urine abnormality,1.875
lung disorder,1.875
eosinophilic pneumonia,2.75
obliterative bronchiolitis,1.875
akinesia,1.875
hyperamylasaemia,1.875
lipohypertrophy,2.75
spinal cord disorder,1.875
posterior reversible encephalopathy syndrome,0
epidural haemorrhage,0
oedema,2.75
metrorrhagia,1.875
arteriospasm coronary,2.75
arteriosclerosis,1.875
graft loss,1.875
hypotonia,2.75
hepatitis cholestatic,1.875
hyperhidrosis,2.75
haemangioma,2.75
sensory disturbance,1.875
dysphoria,1.875
splenic infarction,2.75
vascular insufficiency,1.875
malignant hypertension,1.875
reticulocytosis,1.875
subileus,1.875
feeling abnormal,1.875
necrotising fasciitis,2.75
pancreatic disorder,1.875
otitis media,2.75
hyperinsulinism,4.0
gastrointestinal sounds abnormal,1.875
deafness,1.875
euphoric mood,1.875
impaired healing,1.875
pancreatitis acute,1.875
blood potassium increased,1.875
nasal ulcer,1.875
leukoplakia oral,1.875
salivary gland enlargement,1.875
cycloplegia,2.75
balanitis,1.875
vascular purpura,3.625
breast swelling,1.875
male sexual dysfunction,2.75
floppy iris syndrome,3.625
hyperphosphataemia,1.875
urethral disorder,1.875
depression suicidal,1.875
generalised oedema,2.75
sunburn,2.75
energy increased,1.875
vaginal inflammation,1.875
transfusion reaction,3.625
burning sensation,2.75
trismus,2.75
benign neoplasm of skin,4.0
hunger,2.75
steatorrhoea,1.875
ventricular arrhythmia,1.875
application site pain,4.0
decubitus ulcer,1.875
poisoning,1.875
hyperkalaemia,1.875
dermoid cyst,2.75
masked facies,1.875
drug interaction,1.875
small intestinal obstruction,1.875
menopausal symptoms,1.875
prostatic disorder,1.875
prostatomegaly,1.875
haemorrhage,1.875
pulmonary fibrosis,1.875
myocardial rupture,2.75
sensation of heaviness,1.875
myalgia,1.875
skin exfoliation,1.875
plasmacytoma,4.0
septic shock,2.75
neutrophil count decreased,1.875
electrocardiogram qrs complex abnormal,1.875
cauda equina syndrome,1.875
scleritis,2.75
stridor,1.875
gingival bleeding,2.75
tinnitus,2.75
pelvic pain,3.625
hernia,1.875
caecitis,1.875
respiratory disorder,1.875
peripheral vascular disorder,1.875
ovarian hyperstimulation syndrome,2.75
blood bilirubin decreased,1.875
vision blurred,2.75
iron deficiency anaemia,2.75
fungaemia,1.875
folliculitis,2.75
staphylococcal bacteraemia,1.875
spinal cord injury,2.75
chemical cystitis,2.75
cheilitis,2.75
oesophageal ulcer,1.875
paronychia,2.75
retrograde ejaculation,1.875
pulmonary eosinophilia,2.75
apraxia,2.75
muscle mass,1.875
ill-defined disorder,1.875
venoocclusive disease,1.875
withdrawal syndrome,2.75
ear pain,1.875
tongue disorder,1.875
breast cancer,2.75
pituitary tumour benign,2.75
lymphoedema,2.75
lacrimation increased,1.875
arterial spasm,1.875
anterior chamber inflammation,1.875
hypotension,1.875
gastric ph decreased,1.875
oedema mouth,4.375
hyperkeratosis,1.875
skin discolouration,1.875
upper-airway cough syndrome,1.875
ecchymosis,3.625
blood creatine phosphokinase increased,1.875
goitre,2.75
intentional self-injury,1.875
hypertrophic cardiomyopathy,2.75
pleurisy,1.875
obstructive airways disorder,1.875
coma,1.875
gingivitis,2.75
nephrogenic diabetes insipidus,2.75
cold sweat,2.75
biliary colic,1.875
flushing,3.625
conjunctival follicles,1.875
capillary leak syndrome,2.75
tracheitis,2.75
oesophageal achalasia,1.875
renal function test abnormal,1.875
subcutaneous abscess,2.75
anaemia macrocytic,2.75
night sweats,2.75
non-cardiac chest pain,2.75
hyperuricaemia,1.875
leukoderma,1.875
tongue paralysis,2.75
arterial thrombosis,1.875
haematemesis,2.75
central nervous system stimulation,1.875
flatulence,1.875
electroencephalogram abnormal,1.875
peroneal nerve palsy,1.875
weight increased,1.875
onycholysis,1.875
dermatitis psoriasiform,1.875
confusional state,2.75
pneumothorax,1.875
breast feeding,1.875
rash erythematous,1.875
"hallucination, auditory",1.875
pathogen resistance,0
proctitis,1.875
bone disorder,1.875
injection site coldness,4.0
pulmonary oedema,2.75
hypotrichosis,1.875
glucose tolerance impaired,4.0
oral candidiasis,2.75
bronchial hyperreactivity,1.875
snoring,1.875
cardiomegaly,1.875
pulmonary toxicity,2.75
vein disorder,1.875
pemphigoid,2.75
electrocardiogram u-wave abnormality,1.875
cerebral arteritis,2.75
uterine rupture,3.625
prostatic specific antigen increased,1.875
bronchospasm,2.75
blood phosphorus decreased,1.875
central nervous system neoplasm,4.0
urinary retention,1.875
punctate keratitis,1.875
lymphoma,4.0
keratoacanthoma,4.0
eczema,1.875
metastatic neoplasm,1.875
brain cancer metastatic,4.0
monoparesis,1.875
electrocardiogram abnormal,1.875
tracheobronchitis,2.75
injection site haemorrhage,4.875
injection site pruritus,4.875
ichthyosis acquired,1.875
elevated mood,1.875
upper respiratory tract congestion,1.875
vascular pain,0
mucosal ulceration,1.875
effusion,1.875
neurological symptom,1.875
loss of libido,1.875
haemoglobin decreased,1.875
parkinsonian rest tremor,1.875
hemiplegia,1.875
nail pigmentation,1.875
buccoglossal syndrome,2.75
coagulation time prolonged,1.875
respiratory paralysis,2.75
hiccups,2.75
duodenitis haemorrhagic,2.75
vitiligo,2.75
body temperature increased,1.875
skin cancer,4.0
otitis externa,2.75
enlarged clitoris,2.75
hormone level abnormal,1.875
corneal oedema,1.875
nail disorder,1.875
benign breast neoplasm,2.75
type i hypersensitivity,1.875
balance disorder,1.875
protein urine present,1.875
soft tissue injury,2.75
personality change,2.75
oesophageal disorder,1.875
granulocytosis,1.875
galactorrhoea,2.75
feeling of body temperature change,1.875
vulvovaginal pain,1.875
ovarian disorder,1.875
maculopathy,1.875
squamous cell carcinoma of skin,4.0
squamous cell carcinoma,1.875
gastrointestinal motility disorder,1.875
initial insomnia,0
ventricular hypertrophy,1.875
optic ischaemic neuropathy,3.625
bundle branch block right,1.875
mental disorder,1.875
dysuria,1.875
white blood cell disorder,1.875
thrombosis,1.875
lymphadenitis,1.875
libido increased,2.75
blood prolactin increased,1.875
amblyopia,1.875
hyperlipidaemia,1.875
cor pulmonale,4.375
bronchopneumonia,2.75
bacterial disease carrier,1.875
headache,1.875
autoimmune disorder,1.875
rash follicular,1.875
upper airway obstruction,1.875
autonomic nervous system imbalance,3.625
bleeding time prolonged,1.875
ischaemic stroke,2.75
neurogenic bladder,2.75
angiopathy,1.875
pharyngitis streptococcal,2.75
carbohydrate tolerance decreased,1.875
dermatomyositis,3.625
cystitis noninfective,1.875
dermatitis bullous,1.875
neoplasm prostate,2.75
gastrointestinal inflammation,1.875
pharyngeal disorder,1.875
inguinal hernia,1.875
blood insulin increased,1.875
microsomia,0
ulcerative keratitis,2.75
nuchal rigidity,2.75
drug tolerance,1.875
lung neoplasm malignant,2.75
anal haemorrhage,2.75
corneal abrasion,2.75
memory impairment,2.75
muscle spasms,1.875
anosmia,2.75
blood urine,1.875
injection site swelling,4.0
chest pain,3.625
dry mouth,1.875
rhabdomyolysis,1.875
yawning,1.875
nervousness,1.875
pleural disorder,1.875
colitis microscopic,1.875
functional gastrointestinal disorder,0
myasthenic syndrome,4.5
depressive symptom,1.875
aura,1.875
vascular occlusion,1.875
lymphopenia,1.875
peyronie's disease,1.875
necrotising enterocolitis neonatal,2.75
drug level increased,1.875
vestibular disorder,2.75
thermal burn,1.875
renal tubular disorder,1.875
blood bicarbonate decreased,1.875
cheilosis,2.75
anaemia,1.875
fungal skin infection,2.75
viith nerve paralysis,1.875
schizophreniform disorder,1.875
dyskinesia,1.875
hypomenorrhoea,2.75
amenorrhoea,2.75
disinhibition,1.875
thyroid neoplasm,2.75
red blood cell count increased,1.875
asthenopia,1.875
overdose,1.875
hypoglycaemia,4.0
gastrointestinal infection,2.75
hallucination,1.875
urinary hesitation,1.875
thrombocytosis,1.875
nephropathy toxic,2.75
hypercalciuria,3.625
rhonchi,1.875
retching,1.875
vulvitis,2.75
ear discomfort,1.875
atrioventricular block,1.875
erythema,1.875
bladder cancer,2.75
malignant melanoma,4.0
libido disorder,2.75
xanthopsia,1.875
aggression,1.875
autonomic neuropathy,1.875
lymphocyte count decreased,1.875
cranial nerve paralysis,1.875
liver function test abnormal,1.875
increased bronchial secretion,1.875
intestinal perforation,1.875
conduction disorder,1.875
testicular atrophy,2.75
tumour lysis syndrome,2.75
osteoporosis,2.75
drug withdrawal convulsions,2.75
acute sinusitis,2.75
bradyphrenia,2.75
hypokinesia,1.875
episcleritis,2.75
conjunctival hyperaemia,1.875
multi-organ failure,1.875
periorbital oedema,4.375
eyelid disorder,2.75
choking sensation,2.75
depersonalisation,1.875
benign prostatic hyperplasia,1.875
fracture,2.75
procedural haemorrhage,2.75
lung infection,2.75
flat affect,1.875
gastric disorder,1.875
cerebrovascular accident,2.75
mutism,2.75
acute myocardial infarction,2.75
vaginal disorder,1.875
gingival hyperplasia,1.875
akathisia,2.75
bone marrow toxicity,2.75
metastasis,1.875
toxic epidermal necrolysis,4.5
pneumonia aspiration,1.875
amylase increased,1.875
hypothyroidism,2.75
respiratory tract infection viral,2.75
vitreous haemorrhage,2.75
steroid withdrawal syndrome,3.625
oropharyngeal swelling,5.25
genital candidiasis,2.75
drooling,1.875
corneal deposits,1.875
virilism,2.75
respiratory failure,2.75
blood creatinine increased,1.875
protein total decreased,1.875
eyelid ptosis,2.75
progressive multifocal leukoencephalopathy,2.75
catheter site haemorrhage,4.875
physical assault,0
micturition disorder,1.875
torsade de pointes,1.875
motion sickness,2.75
viral diarrhoea,2.75
iris hyperpigmentation,1.875
oxygen saturation decreased,1.875
hyperaesthesia,1.875
genital pain,1.875
extrapyramidal disorder,1.875
ocular hyperaemia,1.875
flank pain,3.625
mucous membrane disorder,1.875
miliaria,0
weight decreased,1.875
dermatitis contact,3.625
infusion site reaction,4.0
endocarditis,2.75
necrosis ischaemic,1.875
regurgitation,1.875
electrocardiogram st segment,1.875
meningitis,2.75
premenstrual syndrome,2.75
coma hepatic,2.75
alkalosis hypokalaemic,1.875
insomnia,3.5
gravitational oedema,2.75
endometrial hyperplasia,1.875
myxoedema,2.75
inflammation,1.875
blood creatinine abnormal,1.875
laceration,2.75
self injurious behaviour,1.875
electrocardiogram pr prolongation,1.875
rales,1.875
skin bacterial infection,2.75
heat stroke,2.75
glossitis,1.875
aspartate aminotransferase increased,1.875
surgery,1.875
thrombophlebitis superficial,1.875
blood alkaline phosphatase increased,1.875
retroperitoneal haemorrhage,2.75
injection site thrombosis,4.875
cystitis haemorrhagic,1.875
palmar-plantar erythrodysaesthesia syndrome,2.75
peliosis hepatis,1.875
sleep apnoea syndrome,3.625
pneumonia bacterial,2.75
tongue ulceration,1.875
venous insufficiency,1.875
ophthalmoplegia,2.75
status epilepticus,1.875
cerebral artery embolism,2.75
hyperpathia,1.875
fibromyalgia,1.875
gastrointestinal fistula,1.875
idiopathic pulmonary fibrosis,2.75
melanocytic naevus,4.0
vasodilation procedure,1.875
breast mass,1.875
application site rash,4.875
myasthenia gravis,3.625
immunoglobulins increased,1.875
skin hypertrophy,1.875
acute hepatic failure,1.875
alcohol intolerance,1.875
myelitis,2.75
ear disorder,1.875
cervix disorder,1.875
asocial behaviour,1.875
breath holding,2.75
hypercholesterolaemia,1.875
drug eruption,3.625
perineal pain,1.875
paralysis flaccid,1.875
endophthalmitis,2.75
immune-mediated necrotising myopathy,0
tenderness,1.875
coordination abnormal,1.875
painful respiration,1.875
endometrial hypertrophy,1.875
scleral thinning,1.875
chromatopsia,1.875
drug reaction with eosinophilia and systemic symptoms,0
unintended pregnancy,1.875
thrombophlebitis,1.875
renal colic,1.875
crohn's disease,2.75
cushingoid,4.5
thirst,2.75
angle closure glaucoma,1.875
mental retardation,3.5
oesophagitis,1.875
creatinine renal clearance decreased,1.875
abdominal pain,1.875
acute leukaemia,4.0
convulsion,0
gallbladder disorder,1.875
cough,1.875
conversion disorder,1.875
psychiatric symptom,1.875
abnormal dreams,2.75
drug intolerance,1.875
agitation,2.75
retinal vein occlusion,2.75
hypercapnia,2.75
diverticulitis,2.75
corneal perforation,2.75
gastric polyps,2.75
anorgasmia,1.875
influenza like illness,1.875
application site induration,4.0
skin odour abnormal,1.875
skin oedema,1.875
heart rate irregular,1.875
candiduria,2.75
cerumen impaction,1.875
chronic obstructive pulmonary disease,1.875
lung infiltration,1.875
hypertriglyceridaemia,1.875
laboratory test abnormal,1.875
mood swings,1.875
uterine haemorrhage,2.75
genital haemorrhage,2.75
bronchitis,2.75
blood urine present,1.875
sensation of foreign body,1.875
blood thromboplastin decreased,1.875
torticollis,2.75
spinal cord compression,1.875
oral disorder,1.875
sialoadenitis,2.75
cardiopulmonary failure,2.75
blood potassium decreased,1.875
bipolar disorder,1.875
kaposi's sarcoma,2.75
rash generalised,1.875
ventricular dysfunction,1.875
acne,1.875
foetal disorder,1.875
skin lesion,1.875
dysphagia,1.875
acute myeloid leukaemia,4.0
abdominal tenderness,1.875
hepatitis toxic,2.75
grand mal convulsion,1.875
hyperammonaemia,2.75
serotonin syndrome,3.625
eating disorder,2.75
neuritis,1.875
aortic aneurysm,1.875
coronary artery thrombosis,2.75
blood glucose increased,1.875
tachyarrhythmia,1.875
injection site abscess,4.875
hyperchloraemia,1.875
somnambulism,2.75
disability,1.875
myelodysplastic syndrome,4.0
cryptococcosis,1.875
drug tolerance decreased,1.875
obesity,1.875
conjunctival oedema,1.875
eye oedema,1.875
optic neuritis,3.625
musculoskeletal pain,1.875
nephritic syndrome,1.875
haematocrit decreased,1.875
rash,1.875
mucosal inflammation,1.875
bone pain,1.875
encephalitis,2.75
embolism venous,1.875
angina unstable,2.75
parkinson's disease,1.875
pulmonary hypertension,3.5
eyelids pruritus,2.75
cholestasis,1.875
exfoliative rash,1.875
pharyngeal oedema,4.375
pregnancy,1.875
hypercalcaemia,2.75
wound infection,2.75
phlebitis,2.75
drug-induced liver injury,2.75
cataract,1.875
enterocolitis,1.875
polyarteritis nodosa,4.5
acute coronary syndrome,2.75
multiple pregnancy,1.875
hepatic encephalopathy,2.75
vulvovaginal mycotic infection,2.75
tendon disorder,1.875
drug effect increased,1.875
gastroenteritis,2.75
viraemia,1.875
malnutrition,1.875
myocardial infarction,2.75
pulmonary alveolar haemorrhage,2.75
emphysema,1.875
haemolytic uraemic syndrome,2.75
urosepsis,2.75
febrile neutropenia,2.75
renal cell carcinoma,2.75
viral upper respiratory tract infection,2.75
skin papilloma,4.875
patent ductus arteriosus,3.625
schizophrenia,1.875
arthritis,1.875
erythema nodosum,2.75
blood pressure systolic increased,1.875
aspergillus infection,0
erythema of eyelid,2.75
secondary adrenocortical insufficiency,2.75
adrenocortical insufficiency acute,2.75
electrocardiogram t wave abnormal,1.875
motor dysfunction,1.875
nausea,1.875
dizziness postural,3.625
peripheral nerve palsy,1.875
pericardial effusion,1.875
cardiogenic shock,2.75
proctalgia,1.875
device related infection,2.75
orthostatic hypotension,2.75
vertigo positional,2.75
conjunctival irritation,1.875
gastrointestinal candidiasis,2.75
hypothermia,2.75
rash maculo-papular,1.875
haemothorax,3.625
blood uric acid increased,1.875
nodal rhythm,1.875
corneal disorder,1.875
hyponatraemia,1.875
neutropenic sepsis,2.75
alkalosis,1.875
application site vesicles,4.875
cholangitis,1.875
extravasation,1.875
eye infection,2.75
tongue discolouration,1.875
hypouricaemia,1.875
folate deficiency,1.875
blood magnesium decreased,1.875
ligament sprain,2.75
ventricular fibrillation,1.875
gastric ulcer,1.875
tearfulness,1.875
genital discharge,1.875
infusion site phlebitis,4.875
nasal dryness,1.875
monoplegia,1.875
arteritis,1.875
gastrointestinal ulcer,1.875
vascular anomaly,2.75
melanosis,1.875
dental caries,1.875
skin irritation,1.875
ureteral spasm,1.875
oedema peripheral,3.625
serositis,1.875
light anaesthesia,1.875
purpura non-thrombocytopenic,1.875
acquired immunodeficiency syndrome,2.75
glaucoma,1.875
granuloma,2.75
sudden hearing loss,1.875
hypovolaemic shock,1.875
abdominal distension,1.875
nodule,1.875
localised oedema,3.625
vaginal discharge,1.875
pathological gambling,1.875
arterial insufficiency,1.875
petit mal epilepsy,1.875
retroperitoneal fibrosis,3.625
raynaud's phenomenon,1.875
thinking abnormal,2.75
osteomalacia,3.625
drug dependence,1.875
hair disorder,1.875
endometritis,2.75
halo vision,1.875
scab,1.875
costochondritis,1.875
migraine,2.75
hyperacusis,2.75
accidental exposure to product,1.875
affect lability,1.875
hodgkin's disease lymphocyte predominance type stage unspecified,0
premature labour,1.875
myelitis transverse,2.75
panic attack,1.875
rheumatoid arthritis,2.75
dysmenorrhoea,1.875
hypertensive crisis,1.875
encephalopathy,1.875
rash macular,1.875
application site hypersensitivity,4.875
xanthoma,2.75
sick sinus syndrome,1.875
agranulocytosis,1.875
ejaculation failure,1.875
osteoporotic fracture,3.625
sleep disorder,1.875
nephrocalcinosis,1.875
hyperplasia,1.875
cancer pain,1.875
scleroderma,3.625
hypokalaemia,1.875
acute febrile neutrophilic dermatosis,2.75
thyroid disorder,1.875
faecaloma,1.875
